<application>
  <component name="IgnoredPluginSuggestions">
    <option name="pluginIds">
      <list>
        <option value="com.haulmont.jpab" />
        <option value="com.intellij.bigdatatools.kafka" />
        <option value="com.jetbrains.jax.ws" />
        <option value="com.intellij.bigdatatools.rfs" />
        <option value="com.intellij.spring.websocket" />
        <option value="com.intellij.spring.batch" />
        <option value="com.intellij.aqua" />
        <option value="com.intellij.angularjs" />
        <option value="com.intellij.lang.jsgraphql" />
      </list>
    </option>
  </component>
</application>