<application>
  <component name="BuildProcessSatisfactionSurveyStore">
    <option name="daysWithGradleBuilds" value="5" />
    <option name="firstKotlinGradleBuildTime" value="1728359414" />
    <option name="lastKotlinGradleBuildTime" value="1730460812" />
    <option name="nextCountedGradleBuild" value="1730532280" />
  </component>
  <component name="KotlinNewUserTracker">
    <option name="firstKtFileOpened" value="1712245941" />
    <option name="lastKtFileOpened" value="1730460658" />
    <option name="newKtUserSince" value="1712245941" />
  </component>
</application>