<application>
  <component name="LafManager">
    <laf themeId="f92a0fa7-1a98-47cd-b5cb-78ff67e6f4f3" />
    <lafs-to-previous-schemes>
      <laf-to-scheme laf="Darcula" scheme="_@user_Darcula" />
      <laf-to-scheme laf="Gradianto Dark Fuchsia" scheme="_@user_Gradianto Dark Fuchsia" />
      <laf-to-scheme laf="High contrast" scheme="_@user_High contrast" />
      <laf-to-scheme laf="Light with Light Header" scheme="_@user_Light" />
      <laf-to-scheme laf="One Dark Italic" scheme="_@user_One Dark Italic" />
      <laf-to-scheme laf="One Dark Vivid Italic" scheme="_@user_One Dark Vivid Italic" />
      <laf-to-scheme laf="[NEWUI] Gradianto Dark Fuchsia" scheme="_@user_Gradianto Dark Fuchsia" />
      <laf-to-scheme laf="[NEWUI] Gradianto Midnight Blue" scheme="_@user_Gradianto Midnight Blue New" />
      <laf-to-scheme laf="[NEWUI] Gradianto Nature Green" scheme="_@user_Gradianto Nature Green New" />
    </lafs-to-previous-schemes>
  </component>
</application>