<application>
  <component name="Trusted.Paths">
    <option name="TRUSTED_PROJECT_PATHS">
      <map>
        <entry key="$USER_HOME$/Desktop/JPA/projects/JPA-basic/JPA_Basic" value="true" />
        <entry key="$USER_HOME$/Desktop/JPA/projects/JPA-basic/ex1-hello-jpa" value="true" />
        <entry key="$USER_HOME$/Desktop/JPA/projects/JPA-basic/jpa_basic" value="true" />
        <entry key="$USER_HOME$/Desktop/JPA/projects/data-jpa" value="true" />
        <entry key="$USER_HOME$/Desktop/JPA/projects/jpa_basic" value="true" />
        <entry key="$USER_HOME$/Desktop/JPA/projects/jpashop" value="true" />
        <entry key="$USER_HOME$/Desktop/JPA/projects/querydsl" value="true" />
        <entry key="$USER_HOME$/Desktop/Pharmacy-Recommendation-Version-Management-c03ae1668d0bd5cf873f77a0e599f8ac4f9a8b62" value="true" />
        <entry key="$USER_HOME$/Desktop/Projects/Bonjung/camong" value="true" />
        <entry key="$USER_HOME$/Desktop/Projects/Core/board" value="true" />
        <entry key="$USER_HOME$/Desktop/Projects/Core/cercat-batch" value="true" />
        <entry key="$USER_HOME$/Desktop/Projects/Core/core-back-board" value="true" />
        <entry key="$USER_HOME$/Desktop/Projects/Core/core-board" value="true" />
        <entry key="$USER_HOME$/Desktop/Projects/Core/cos-backend" value="true" />
        <entry key="$USER_HOME$/Desktop/Projects/Core/dalle" value="true" />
        <entry key="$USER_HOME$/Desktop/Projects/DevCourse/JavaDemo/JavaDemo" value="true" />
        <entry key="$USER_HOME$/Desktop/Projects/DevCourse/NBB1_1_3_Team06" value="true" />
        <entry key="$USER_HOME$/Desktop/Projects/DevCourse/NBE1_1_Team04" value="true" />
        <entry key="$USER_HOME$/Desktop/Projects/DevCourse/NBE1_2_Team06" value="true" />
        <entry key="$USER_HOME$/Desktop/Projects/DevCourse/day0820_board_login" value="true" />
        <entry key="$USER_HOME$/Desktop/Projects/DevCourse/day822" value="true" />
        <entry key="$USER_HOME$/Desktop/Projects/DevCourse/devcourse_backend_1st" value="true" />
        <entry key="$USER_HOME$/Desktop/Projects/DevCourse/devcourse_backend_1st/day0731" value="true" />
        <entry key="$USER_HOME$/Desktop/Projects/DevCourse/jdbc-pracitce" value="true" />
        <entry key="$USER_HOME$/Desktop/Projects/DevCourse/prac829" value="true" />
        <entry key="$USER_HOME$/Desktop/Projects/DevCourse/week_03" value="true" />
        <entry key="$USER_HOME$/Desktop/Projects/FastCampus/Paypay" value="true" />
        <entry key="$USER_HOME$/Desktop/Projects/FastCampus/Paypay/paypay" value="true" />
        <entry key="$USER_HOME$/Desktop/Projects/FastCampus/kafkaService/kafkaProducer" value="true" />
        <entry key="$USER_HOME$/Desktop/Projects/FastCampus/navi-project" value="true" />
        <entry key="$USER_HOME$/Desktop/Projects/FastCampus/pass-batch" value="true" />
        <entry key="$USER_HOME$/Desktop/Projects/FastCampus/priceCompare/pricecompareredis" value="true" />
        <entry key="$USER_HOME$/Desktop/Projects/FastCampus/pricecompareredis" value="true" />
        <entry key="$USER_HOME$/Desktop/Projects/FastCampus/sns" value="true" />
        <entry key="$USER_HOME$/Desktop/Projects/Graduation/disco" value="true" />
        <entry key="$USER_HOME$/Desktop/Projects/Graduation/opentelemetry-java" value="true" />
        <entry key="$USER_HOME$/Desktop/Projects/Graduation/tracedin" value="true" />
        <entry key="$USER_HOME$/Desktop/Projects/Graduation/tracedin-client" value="true" />
        <entry key="$USER_HOME$/Desktop/Projects/Graduation/tracedin-example" value="true" />
        <entry key="$USER_HOME$/Desktop/Projects/Graduation/tracedin-sdk" value="true" />
        <entry key="$USER_HOME$/Desktop/Projects/Immersion/GPTAnalyzer-service" value="true" />
        <entry key="$USER_HOME$/Desktop/Projects/Immersion/Immersion.gg-Back" value="true" />
        <entry key="$USER_HOME$/Desktop/Projects/Immersion/azure-function-examples" value="true" />
        <entry key="$USER_HOME$/Desktop/Projects/Immersion/board" value="true" />
        <entry key="$USER_HOME$/Desktop/Projects/Immersion/sbb-main" value="true" />
        <entry key="$USER_HOME$/Desktop/Projects/Immersion/spring-cloud-feign-example" value="true" />
        <entry key="$USER_HOME$/Desktop/Projects/Immersion/storageDemo" value="true" />
        <entry key="$USER_HOME$/Desktop/Projects/Private/BE-04-JTOON" value="true" />
        <entry key="$USER_HOME$/Desktop/Projects/Private/DMS-Backend" value="true" />
        <entry key="$USER_HOME$/Desktop/Projects/Private/DuDoong-Backend" value="true" />
        <entry key="$USER_HOME$/Desktop/Projects/Private/Homer/Async" value="true" />
        <entry key="$USER_HOME$/Desktop/Projects/Private/Homer/feign" value="true" />
        <entry key="$USER_HOME$/Desktop/Projects/Private/Homer/homer" value="true" />
        <entry key="$USER_HOME$/Desktop/Projects/Private/Homer/homer_client" value="true" />
        <entry key="$USER_HOME$/Desktop/Projects/Private/Programmers/pro" value="true" />
        <entry key="$USER_HOME$/Desktop/Projects/Private/Programmers/programmer" value="true" />
        <entry key="$USER_HOME$/Desktop/Projects/Private/StockChecker" value="true" />
        <entry key="$USER_HOME$/Desktop/Projects/Private/Study_DDD_SAGA_Outbox-Kafka" value="true" />
        <entry key="$USER_HOME$/Desktop/Projects/Private/armeria" value="true" />
        <entry key="$USER_HOME$/Desktop/Projects/Private/cafeKiosk" value="true" />
        <entry key="$USER_HOME$/Desktop/Projects/Private/dandi-backend-dev" value="true" />
        <entry key="$USER_HOME$/Desktop/Projects/Private/dayonetest" value="true" />
        <entry key="$USER_HOME$/Desktop/Projects/Private/ddd-example-ecommerce" value="true" />
        <entry key="$USER_HOME$/Desktop/Projects/Private/ddd-start2" value="true" />
        <entry key="$USER_HOME$/Desktop/Projects/Private/educational-platform" value="true" />
        <entry key="$USER_HOME$/Desktop/Projects/Private/effective-java" value="true" />
        <entry key="$USER_HOME$/Desktop/Projects/Private/event-sourcing-cqrs-examples" value="true" />
        <entry key="$USER_HOME$/Desktop/Projects/Private/fit-a-pet-server" value="true" />
        <entry key="$USER_HOME$/Desktop/Projects/Private/food-ordering-system" value="true" />
        <entry key="$USER_HOME$/Desktop/Projects/Private/healthhub" value="true" />
        <entry key="$USER_HOME$/Desktop/Projects/Private/hexagonal-demo" value="true" />
        <entry key="$USER_HOME$/Desktop/Projects/Private/market" value="true" />
        <entry key="$USER_HOME$/Desktop/Projects/Private/multimodule-sample" value="true" />
        <entry key="$USER_HOME$/Desktop/Projects/Private/opentelemetry-java-examples-main" value="true" />
        <entry key="$USER_HOME$/Desktop/Projects/Private/practical-testing" value="true" />
        <entry key="$USER_HOME$/Desktop/Projects/Private/spring-kafka" value="true" />
        <entry key="$USER_HOME$/Desktop/Projects/Private/spring-kotlin" value="true" />
        <entry key="$USER_HOME$/Desktop/Projects/Private/spring-native" value="true" />
        <entry key="$USER_HOME$/Desktop/Projects/Private/test" value="true" />
        <entry key="$USER_HOME$/Desktop/Projects/Private/test-code-with-architecture" value="true" />
        <entry key="$USER_HOME$/Desktop/Projects/StartUp/mealtoktok" value="true" />
        <entry key="$USER_HOME$/Desktop/Projects/Udemy/order-system" value="true" />
        <entry key="$USER_HOME$/Desktop/Projects/Univ/BigDataSystem/library" value="true" />
        <entry key="$USER_HOME$/Desktop/Projects/Univ/seoro" value="true" />
        <entry key="$USER_HOME$/Desktop/Projects/portainer" value="true" />
        <entry key="$USER_HOME$/Desktop/Spring" value="true" />
        <entry key="$USER_HOME$/Desktop/Spring/FastCampus/navi-project" value="true" />
        <entry key="$USER_HOME$/Desktop/Spring/SpringDB-1/jdbc" value="true" />
        <entry key="$USER_HOME$/Desktop/Spring/SpringDB-2/itemservice-db-start" value="true" />
        <entry key="$USER_HOME$/Desktop/Spring/SpringMVC-1/item-service" value="true" />
        <entry key="$USER_HOME$/Desktop/Spring/SpringMVC-1/springmvc" value="true" />
        <entry key="$USER_HOME$/Desktop/Spring/SpringMVC-2/selfmade" value="true" />
        <entry key="$USER_HOME$/Desktop/Spring/Toby-Spring/hellospring" value="true" />
        <entry key="$USER_HOME$/Desktop/Spring/hello-spring" value="true" />
        <entry key="$USER_HOME$/Desktop/Univ/Backjun/Backjun_PS" value="true" />
        <entry key="$USER_HOME$/Desktop/Univ/Immersion/board" value="true" />
        <entry key="$USER_HOME$/Desktop/Univ/Immersion/board 2" value="true" />
        <entry key="$USER_HOME$/Desktop/Univ/Immersion/board/Fastcampus_Board" value="true" />
        <entry key="$USER_HOME$/Desktop/Univ/Immersion/board/board" value="true" />
        <entry key="$USER_HOME$/Desktop/Univ/Immersion/board2" value="true" />
        <entry key="$USER_HOME$/Desktop/Univ/Immersion/second-project" value="true" />
        <entry key="$USER_HOME$/Desktop/Univ/Immersion/shortenURLJava" value="true" />
        <entry key="$USER_HOME$/Desktop/Univ/PPT/PPT" value="true" />
        <entry key="$USER_HOME$/Desktop/Univ/PS/Backjun_PS" value="true" />
        <entry key="$USER_HOME$/Desktop/Univ/SWManagement-main" value="true" />
        <entry key="$USER_HOME$/Desktop/Univ/몰입교육/board" value="true" />
        <entry key="$USER_HOME$/Desktop/fast" value="true" />
        <entry key="$USER_HOME$/Downloads/Pharmacy-Recommendation-Version-Management-c03ae1668d0bd5cf873f77a0e599f8ac4f9a8b62" value="true" />
        <entry key="$USER_HOME$/Downloads/core-board" value="true" />
        <entry key="$USER_HOME$/Downloads/fastcampus-project-board-1be09a0f16f05931245b7e8fbe855922b9f7f418" value="true" />
        <entry key="$USER_HOME$/Downloads/gc-coffee" value="true" />
        <entry key="$USER_HOME$/IdeaProjects/CircleArea" value="true" />
        <entry key="$USER_HOME$/IdeaProjects/Example" value="true" />
        <entry key="$USER_HOME$/IdeaProjects/SWManagement" value="true" />
        <entry key="$USER_HOME$/IdeaProjects/correction" value="true" />
        <entry key="$USER_HOME$/IdeaProjects/corrections" value="true" />
        <entry key="$USER_HOME$/IdeaProjects/exam5-1" value="true" />
      </map>
    </option>
  </component>
  <component name="Trusted.Paths.Settings">
    <option name="TRUSTED_PATHS">
      <list>
        <option value="$USER_HOME$/IdeaProjects" />
        <option value="$USER_HOME$/Desktop" />
        <option value="$USER_HOME$/Downloads" />
      </list>
    </option>
  </component>
</application>