<application>
  <component name="DimensionService">
    <location key="find.popup.0.0.3456.2234@192dpi" x="1274" y="764" />
    <location key="find.popup.0.0.1920.1080" x="670" y="160" />
    <location key="find.popup.0.0.3840.2160@192dpi" x="1550" y="332" />
    <location key="find.popup.-3456.0.3456.2234@192dpi" x="-2244" y="352" />
    <location key="REMOTE_DEVELOPMENT_CONNECTION.0.0.3840.2160@192dpi" x="1120" y="400" />
    <location key="find.popup.1920.-486.1080.1920" x="2203" y="-371" />
    <location key="find.popup.0.0.5120.2880@192dpi" x="2066" y="384" />
    <location key="find.popup.-4112.222.4112.2658@192dpi" x="-2478" y="580" />
    <location key="find.popup.0.0.4112.2658@192dpi" x="1660" y="420" />
    <size key="GridCell.Tab.0.left.0.0.3456.2234@192dpi" width="3324" height="1044" />
    <size key="GridCell.Tab.0.center.0.0.3456.2234@192dpi" width="3324" height="1044" />
    <size key="GridCell.Tab.0.right.0.0.3456.2234@192dpi" width="3324" height="1044" />
    <size key="GridCell.Tab.0.bottom.0.0.3456.2234@192dpi" width="3324" height="1044" />
    <size key="find.popup.0.0.3456.2234@192dpi" width="1872" height="1140" />
    <size key="GridCell.Tab.1.left.0.0.3456.2234@192dpi" width="3324" height="1044" />
    <size key="GridCell.Tab.1.center.0.0.3456.2234@192dpi" width="3324" height="1044" />
    <size key="GridCell.Tab.1.right.0.0.3456.2234@192dpi" width="3324" height="1044" />
    <size key="GridCell.Tab.1.bottom.0.0.3456.2234@192dpi" width="3324" height="1044" />
    <size key="GridCell.Tab.0.left.0.0.1920.1080" width="1854" height="159" />
    <size key="GridCell.Tab.0.center.0.0.1920.1080" width="1854" height="159" />
    <size key="GridCell.Tab.0.right.0.0.1920.1080" width="1854" height="159" />
    <size key="GridCell.Tab.0.bottom.0.0.1920.1080" width="1854" height="159" />
    <size key="GridCell.Tab.1.left.0.0.1920.1080" width="1854" height="159" />
    <size key="GridCell.Tab.1.center.0.0.1920.1080" width="1854" height="159" />
    <size key="GridCell.Tab.1.right.0.0.1920.1080" width="1854" height="159" />
    <size key="GridCell.Tab.1.bottom.0.0.1920.1080" width="1854" height="159" />
    <size key="GridCell.Tab.2.left.0.0.1920.1080" width="1876" height="394" />
    <size key="GridCell.Tab.2.center.0.0.1920.1080" width="1876" height="394" />
    <size key="GridCell.Tab.2.right.0.0.1920.1080" width="1876" height="394" />
    <size key="GridCell.Tab.2.bottom.0.0.1920.1080" width="1876" height="394" />
    <size key="find.popup.0.0.1920.1080" width="603" height="536" />
    <size key="GridCell.Tab.0.left.0.0.3840.2160@192dpi" width="3708" height="628" />
    <size key="GridCell.Tab.0.center.0.0.3840.2160@192dpi" width="3708" height="628" />
    <size key="GridCell.Tab.0.right.0.0.3840.2160@192dpi" width="3708" height="628" />
    <size key="GridCell.Tab.0.bottom.0.0.3840.2160@192dpi" width="3708" height="628" />
    <size key="GridCell.Tab.1.left.0.0.3840.2160@192dpi" width="3708" height="648" />
    <size key="GridCell.Tab.1.center.0.0.3840.2160@192dpi" width="3708" height="648" />
    <size key="GridCell.Tab.1.right.0.0.3840.2160@192dpi" width="3708" height="648" />
    <size key="GridCell.Tab.1.bottom.0.0.3840.2160@192dpi" width="3708" height="648" />
    <size key="find.popup.0.0.3840.2160@192dpi" width="1280" height="1080" />
    <size key="GridCell.Tab.0.left.3456.0.3840.2160@192dpi" width="3708" height="632" />
    <size key="GridCell.Tab.0.center.3456.0.3840.2160@192dpi" width="3708" height="632" />
    <size key="GridCell.Tab.0.right.3456.0.3840.2160@192dpi" width="3708" height="632" />
    <size key="GridCell.Tab.0.bottom.3456.0.3840.2160@192dpi" width="3708" height="632" />
    <size key="GridCell.Tab.1.left.3456.0.3840.2160@192dpi" width="3708" height="632" />
    <size key="GridCell.Tab.1.center.3456.0.3840.2160@192dpi" width="3708" height="632" />
    <size key="GridCell.Tab.1.right.3456.0.3840.2160@192dpi" width="3708" height="632" />
    <size key="GridCell.Tab.1.bottom.3456.0.3840.2160@192dpi" width="3708" height="632" />
    <size key="GridCell.Tab.2.left.0.0.3840.2160@192dpi" width="3708" height="732" />
    <size key="GridCell.Tab.2.center.0.0.3840.2160@192dpi" width="3708" height="732" />
    <size key="GridCell.Tab.2.right.0.0.3840.2160@192dpi" width="3708" height="732" />
    <size key="GridCell.Tab.2.bottom.0.0.3840.2160@192dpi" width="3708" height="732" />
    <size key="GridCell.Tab.2.left.0.0.3456.2234@192dpi" width="3324" height="744" />
    <size key="GridCell.Tab.2.center.0.0.3456.2234@192dpi" width="3324" height="744" />
    <size key="GridCell.Tab.2.right.0.0.3456.2234@192dpi" width="3324" height="744" />
    <size key="GridCell.Tab.2.bottom.0.0.3456.2234@192dpi" width="3324" height="744" />
    <size key="GridCell.Tab.0.left.-3456.0.3456.2234@192dpi" width="2890" height="718" />
    <size key="GridCell.Tab.0.center.-3456.0.3456.2234@192dpi" width="2890" height="718" />
    <size key="GridCell.Tab.0.right.-3456.0.3456.2234@192dpi" width="2890" height="718" />
    <size key="GridCell.Tab.0.bottom.-3456.0.3456.2234@192dpi" width="2890" height="718" />
    <size key="GridCell.Tab.1.left.-3456.0.3456.2234@192dpi" width="2890" height="718" />
    <size key="GridCell.Tab.1.center.-3456.0.3456.2234@192dpi" width="2890" height="718" />
    <size key="GridCell.Tab.1.right.-3456.0.3456.2234@192dpi" width="2890" height="718" />
    <size key="GridCell.Tab.1.bottom.-3456.0.3456.2234@192dpi" width="2890" height="718" />
    <size key="GridCell.Tab.0.left.1920.-402.1080.1920" width="1014" height="738" />
    <size key="GridCell.Tab.0.center.1920.-402.1080.1920" width="1014" height="738" />
    <size key="GridCell.Tab.0.right.1920.-402.1080.1920" width="1014" height="738" />
    <size key="GridCell.Tab.0.bottom.1920.-402.1080.1920" width="1014" height="738" />
    <size key="GridCell.Tab.1.left.1920.-402.1080.1920" width="1014" height="738" />
    <size key="GridCell.Tab.1.center.1920.-402.1080.1920" width="1014" height="738" />
    <size key="GridCell.Tab.1.right.1920.-402.1080.1920" width="1014" height="738" />
    <size key="GridCell.Tab.1.bottom.1920.-402.1080.1920" width="1014" height="738" />
    <size key="find.popup.-3456.0.3456.2234@192dpi" width="1326" height="1136" />
    <size key="REMOTE_DEVELOPMENT_CONNECTION.0.0.3840.2160@192dpi" width="1600" height="1358" />
    <size key="find.popup.1920.-486.1080.1920" width="797" height="738" />
    <size key="GridCell.Tab.0.left.0.0.3456.2234@240dpi" width="3292" height="810" />
    <size key="GridCell.Tab.0.center.0.0.3456.2234@240dpi" width="3292" height="810" />
    <size key="GridCell.Tab.0.right.0.0.3456.2234@240dpi" width="3292" height="810" />
    <size key="GridCell.Tab.0.bottom.0.0.3456.2234@240dpi" width="3292" height="810" />
    <size key="GridCell.Tab.1.left.0.0.3456.2234@240dpi" width="3292" height="810" />
    <size key="GridCell.Tab.1.center.0.0.3456.2234@240dpi" width="3292" height="810" />
    <size key="GridCell.Tab.1.right.0.0.3456.2234@240dpi" width="3292" height="810" />
    <size key="GridCell.Tab.1.bottom.0.0.3456.2234@240dpi" width="3292" height="810" />
    <size key="GridCell.Tab.0.left.0.0.5120.2880@192dpi" width="4988" height="628" />
    <size key="GridCell.Tab.0.center.0.0.5120.2880@192dpi" width="4988" height="628" />
    <size key="GridCell.Tab.0.right.0.0.5120.2880@192dpi" width="4988" height="628" />
    <size key="GridCell.Tab.0.bottom.0.0.5120.2880@192dpi" width="4988" height="628" />
    <size key="find.popup.0.0.5120.2880@192dpi" width="1732" height="948" />
    <size key="GridCell.Tab.0.left.0.0.4112.2658@192dpi" width="3980" height="1286" />
    <size key="GridCell.Tab.0.center.0.0.4112.2658@192dpi" width="3980" height="1286" />
    <size key="GridCell.Tab.0.right.0.0.4112.2658@192dpi" width="3980" height="1286" />
    <size key="GridCell.Tab.0.bottom.0.0.4112.2658@192dpi" width="3980" height="1286" />
    <size key="GridCell.Tab.1.left.0.0.5120.2880@192dpi" width="4988" height="628" />
    <size key="GridCell.Tab.1.center.0.0.5120.2880@192dpi" width="4988" height="628" />
    <size key="GridCell.Tab.1.right.0.0.5120.2880@192dpi" width="4988" height="628" />
    <size key="GridCell.Tab.1.bottom.0.0.5120.2880@192dpi" width="4988" height="628" />
    <size key="GridCell.Tab.2.left.0.0.5120.2880@192dpi" width="4988" height="920" />
    <size key="GridCell.Tab.2.center.0.0.5120.2880@192dpi" width="4988" height="920" />
    <size key="GridCell.Tab.2.right.0.0.5120.2880@192dpi" width="4988" height="920" />
    <size key="GridCell.Tab.2.bottom.0.0.5120.2880@192dpi" width="4988" height="920" />
    <size key="find.popup.-4112.222.4112.2658@192dpi" width="1384" height="1422" />
    <size key="GridCell.Tab.1.left.0.0.4112.2658@192dpi" width="3980" height="1286" />
    <size key="GridCell.Tab.1.center.0.0.4112.2658@192dpi" width="3980" height="1286" />
    <size key="GridCell.Tab.1.right.0.0.4112.2658@192dpi" width="3980" height="1286" />
    <size key="GridCell.Tab.1.bottom.0.0.4112.2658@192dpi" width="3980" height="1286" />
    <size key="GridCell.Tab.2.left.0.0.4112.2658@192dpi" width="3980" height="1288" />
    <size key="GridCell.Tab.2.center.0.0.4112.2658@192dpi" width="3980" height="1288" />
    <size key="GridCell.Tab.2.right.0.0.4112.2658@192dpi" width="3980" height="1288" />
    <size key="GridCell.Tab.2.bottom.0.0.4112.2658@192dpi" width="3980" height="1288" />
    <size key="find.popup.0.0.4112.2658@192dpi" width="1280" height="1124" />
    <size key="GridCell.Tab.3.left.0.0.5120.2880@192dpi" width="4988" height="884" />
    <size key="GridCell.Tab.3.center.0.0.5120.2880@192dpi" width="4988" height="884" />
    <size key="GridCell.Tab.3.right.0.0.5120.2880@192dpi" width="4988" height="884" />
    <size key="GridCell.Tab.3.bottom.0.0.5120.2880@192dpi" width="4988" height="884" />
  </component>
  <component name="WindowManager">
    <frame x="0" y="0" width="2560" height="1440" fullScreen="true" />
  </component>
  <component name="WindowStateApplicationService">
    <state width="587" height="160" key="ShowUsagesActions.dimensionServiceKey" timestamp="1730459984220">
      <screen x="0" y="0" width="2560" height="1440" />
    </state>
    <state width="548" height="93" key="ShowUsagesActions.dimensionServiceKey/-2056.149.2056.1291/0.0.2560.1440/2560.-576.1440.2560" timestamp="1727605760091" />
    <state width="601" height="138" key="ShowUsagesActions.dimensionServiceKey/-2056.155.2056.1285/0.0.2560.1440/2560.-551.1440.2535" timestamp="1730342653928" />
    <state width="535" height="761" key="ShowUsagesActions.dimensionServiceKey/-2056.155.2056.1285/0.25.2560.1415/2560.-551.1440.2535" timestamp="1730353980392" />
    <state width="587" height="160" key="ShowUsagesActions.dimensionServiceKey/-2056.155.2056.1285/2560.-551.1440.2535/0.0.2560.1440" timestamp="1730459984220" />
    <state width="653" height="761" key="ShowUsagesActions.dimensionServiceKey/0.38.2056.1291" timestamp="1730362704491" />
    <state width="655" height="182" key="ShowUsagesActions.dimensionServiceKey/0.38.2056.1291/2056.330.1366.999" timestamp="1730432772917" />
    <state width="601" height="93" key="ShowUsagesActions.dimensionServiceKey/0.38.2056.1291/2056.62.1920.1055" timestamp="1725841655013" />
    <state width="661" height="116" key="ShowUsagesActions.dimensionServiceKey/0.44.2056.1285" timestamp="1724158806156" />
    <state width="739" height="116" key="ShowUsagesActions.dimensionServiceKey/185.1484.2056.1285/2560.-551.1440.2535/0.0.2560.1440" timestamp="1728532741353" />
    <state width="801" height="93" key="ShowUsagesActions.dimensionServiceKey/2056.330.1366.999/0.38.2056.1291" timestamp="1726036843228" />
    <state x="1280" y="678" width="1324" height="1190" key="WELCOME_SCREEN" timestamp="1730445730506">
      <screen x="0" y="25" width="2560" height="1415" />
    </state>
    <state x="1279" y="670" width="1323" height="1143" key="WELCOME_SCREEN/-2056.155.2056.1285/0.0.2560.1440/2560.-551.1440.2535" timestamp="1727168066618" />
    <state x="1279" y="686" width="1323" height="1143" key="WELCOME_SCREEN/-2056.155.2056.1285/0.25.2560.1415/2560.-551.1440.2535" timestamp="1730345552915" />
    <state x="1280" y="678" width="1324" height="1190" key="WELCOME_SCREEN/-2056.155.2056.1285/2560.-551.1440.2535/0.25.2560.1415" timestamp="1730445730506" />
    <state x="960" y="533" width="1062" height="944" key="WELCOME_SCREEN/0.25.1920.1055" timestamp="1723108295879" />
    <state x="1027" y="641" width="1063" height="1043" key="WELCOME_SCREEN/0.38.2056.1291" timestamp="1730359186173" />
    <state x="1027" y="641" width="1063" height="1043" key="WELCOME_SCREEN/0.44.2056.1285" timestamp="1730359207964" />
    <state x="1028" y="662" width="1064" height="1167" key="WELCOME_SCREEN/0.44.2056.1285/2056.330.1366.999" timestamp="1728615611907" />
    <state x="1028" y="629" width="1062" height="944" key="WELCOME_SCREEN/2056.330.1366.999/0.44.2056.1285" timestamp="1726023427161" />
    <state x="628" y="294" width="800" height="661" key="new project wizard" timestamp="1728615720134">
      <screen x="0" y="44" width="2056" height="1285" />
    </state>
    <state x="782" y="300" key="new project wizard/-2056.155.2056.1285/0.25.2560.1415/2560.-551.1440.2535" timestamp="1724286665071" />
    <state x="628" y="294" width="800" height="661" key="new project wizard/0.44.2056.1285/2056.330.1366.999" timestamp="1728615720134" />
  </component>
</application>